{
	"format_version": "1.8.0",
	"animations": {
		"animation": {
			"loop": true,
			"animation_length": 4,
			"anim_time_update": "temp",
			"blend_weight": 1,
			"start_delay": 0,
			"loop_delay": 0,
			"bones": {
				"group9": {
					"rotation": {
						"0.0": [0, 0, 0],
						"0.8333": [0, 0, 0]
					}
				},
				"group10": {
					"rotation": {
						"0.0": [0, 0, 0],
						"4.0": [360, 0, 0]
					}
				},
				"group12": {
					"rotation": {
						"0.0": [-1440, 0, 0],
						"4.0": [-1440, 0, 0]
					}
				},
				"group13": {
					"rotation": {
						"0.0": [0, 0, 0],
						"4.0": [360, 0, 0]
					}
				},
				"group18": {
					"rotation": {
						"0.0": [0, 0, 0],
						"1.0417": [-0.09115, 0, -4.97656],
						"3.3333": [0, 0, 0]
					}
				},
				"group19": {
					"rotation": {
						"0.0": [0, 0, 0],
						"4.0": [-1440, 0, 0]
					}
				},
				"group20": {
					"rotation": {
						"0.0": [0, 0, 0],
						"4.0": [-1440, 0, 0]
					}
				},
				"group21": {
					"rotation": {
						"0.0": [0, 0, 0],
						"4.0": [360, -360, -360]
					}
				},
				"group22": {
					"rotation": {
						"0.0": [15.01565, 2.38422, 0.7522],
						"1.0": [-2.5, 2.5, 0],
						"1.4167": [-12.50933, -2.462, -9.56561],
						"4.0": [-7.39048, 7.47072, 1.09677]
					}
				},
				"group23": {
					"rotation": {
						"0.0": [0, 0, 0],
						"4.0": [0, 0, 0]
					}
				}
			}
		}
	}
}